imp_type,threshold,features,feature_number,valid_eval_rmse
gain,0.5,"['bigram_tok_2', 'cursor_pos_acc_kurt', 'cursor_pos_acc_max', 'cursor_pos_acc_skew', 'cursor_pos_acc_std', 'cursor_pos_acc_sum', 'cursor_pos_neg_change_count', 'cursor_pos_roc_kurt', 'cursor_pos_roc_max', 'cursor_pos_roc_mean', 'cursor_pos_roc_skew', 'down_event_11', 'down_event_13', 'down_event_5', 'down_event_6', 'down_event_7', 'down_event_9', 'evid_acc_kurt', 'evid_acc_skew', 'evid_acc_std', 'inter_key_largest_lantency', 'inter_key_median_lantency', 'one_gram_tok_0', 'one_gram_tok_1', 'one_gram_tok_2', 'one_gram_tok_3', 'one_gram_tok_4', 'one_gram_tok_5', 'one_gram_tok_6', 'one_gram_tok_7', 'p_burst_mean', 'paragraph_len_first', 'paragraph_len_last', 'paragraph_len_max', 'paragraph_len_mean', 'paragraph_len_min', 'paragraph_len_q1', 'paragraph_len_q3', 'paragraph_word_count_first', 'paragraph_word_count_last', 'paragraph_word_count_max', 'paragraph_word_count_median', 'paragraph_word_count_q1', 'pauses_1_half_sec', 'pauses_1_sec', 'pauses_3_sec', 'pauses_half_sec', 'r_burst_count', 'r_burst_mean', 'r_burst_std', 'r_burst_sum', 'roc_count', 'roc_kurt', 'roc_std', 'sent_len_first', 'sent_len_last', 'sent_len_max', 'sent_len_median', 'sent_len_min', 'sent_len_q1', 'sent_len_q3', 'sent_word_count_max', 'sent_word_count_q3', 'total_pause_time', 'word_count_acc_kurt', 'word_count_acc_pst', 'word_count_acc_skew']",67,0.6084614095452897
gain,0.6,"['activity_2_cnt', 'bigram_tok_2', 'bigram_tok_4', 'bigram_tok_8', 'cursor_pos_acc_kurt', 'cursor_pos_acc_max', 'cursor_pos_acc_mean', 'cursor_pos_acc_skew', 'cursor_pos_acc_std', 'cursor_pos_acc_sum', 'cursor_pos_neg_change_count', 'cursor_pos_roc_kurt', 'cursor_pos_roc_max', 'cursor_pos_roc_mean', 'cursor_pos_roc_skew', 'down_event_1', 'down_event_11', 'down_event_13', 'down_event_15', 'down_event_2', 'down_event_5', 'down_event_6', 'down_event_7', 'down_event_9', 'evid_acc_kurt', 'evid_acc_skew', 'evid_acc_std', 'inter_key_largest_lantency', 'inter_key_median_lantency', 'mean_pause_time', 'one_gram_tok_0', 'one_gram_tok_1', 'one_gram_tok_2', 'one_gram_tok_3', 'one_gram_tok_4', 'one_gram_tok_5', 'one_gram_tok_6', 'one_gram_tok_7', 'one_gram_tok_8', 'one_gram_tok_9', 'p_burst_max', 'p_burst_mean', 'p_burst_median', 'paragraph_len_first', 'paragraph_len_last', 'paragraph_len_max', 'paragraph_len_mean', 'paragraph_len_median', 'paragraph_len_min', 'paragraph_len_q1', 'paragraph_len_q3', 'paragraph_word_count_first', 'paragraph_word_count_last', 'paragraph_word_count_max', 'paragraph_word_count_median', 'paragraph_word_count_min', 'paragraph_word_count_q1', 'paragraph_word_count_q3', 'paragraph_word_count_sum', 'pauses_1_half_sec', 'pauses_1_sec', 'pauses_3_sec', 'pauses_half_sec', 'r_burst_count', 'r_burst_mean', 'r_burst_std', 'r_burst_sum', 'roc_count', 'roc_kurt', 'roc_std', 'roc_zro_count', 'sent_len_first', 'sent_len_last', 'sent_len_max', 'sent_len_median', 'sent_len_min', 'sent_len_q1', 'sent_len_q3', 'sent_word_count_first', 'sent_word_count_max', 'sent_word_count_mean', 'sent_word_count_q3', 'std_pause_time', 'text_change_nunique', 'total_pause_time', 'word_count_acc_kurt', 'word_count_acc_pst', 'word_count_acc_skew']",88,0.6062730919121467
gain,0.65,"['activity_2_cnt', 'bigram_tok_2', 'bigram_tok_4', 'bigram_tok_5', 'bigram_tok_8', 'cursor_pos_acc_kurt', 'cursor_pos_acc_max', 'cursor_pos_acc_mean', 'cursor_pos_acc_skew', 'cursor_pos_acc_std', 'cursor_pos_acc_sum', 'cursor_pos_neg_change_count', 'cursor_pos_roc_count_zr', 'cursor_pos_roc_kurt', 'cursor_pos_roc_max', 'cursor_pos_roc_mean', 'cursor_pos_roc_skew', 'cursor_pos_roc_std', 'down_event_1', 'down_event_11', 'down_event_13', 'down_event_15', 'down_event_2', 'down_event_5', 'down_event_6', 'down_event_7', 'down_event_9', 'evid_acc_kurt', 'evid_acc_skew', 'evid_acc_std', 'inter_key_largest_lantency', 'inter_key_median_lantency', 'mean_pause_time', 'one_gram_tok_0', 'one_gram_tok_1', 'one_gram_tok_10', 'one_gram_tok_2', 'one_gram_tok_3', 'one_gram_tok_4', 'one_gram_tok_5', 'one_gram_tok_6', 'one_gram_tok_7', 'one_gram_tok_8', 'one_gram_tok_9', 'p_burst_count', 'p_burst_max', 'p_burst_mean', 'p_burst_median', 'p_burst_std', 'paragraph_len_first', 'paragraph_len_last', 'paragraph_len_max', 'paragraph_len_mean', 'paragraph_len_median', 'paragraph_len_min', 'paragraph_len_q1', 'paragraph_len_q3', 'paragraph_word_count_first', 'paragraph_word_count_last', 'paragraph_word_count_max', 'paragraph_word_count_median', 'paragraph_word_count_min', 'paragraph_word_count_q1', 'paragraph_word_count_q3', 'paragraph_word_count_sum', 'pauses_1_half_sec', 'pauses_1_sec', 'pauses_3_sec', 'pauses_half_sec', 'pos_change_count', 'r_burst_count', 'r_burst_max', 'r_burst_mean', 'r_burst_std', 'r_burst_sum', 'roc_count', 'roc_kurt', 'roc_skew', 'roc_std', 'roc_zro_count', 'sent_count', 'sent_len_first', 'sent_len_last', 'sent_len_max', 'sent_len_mean', 'sent_len_median', 'sent_len_min', 'sent_len_q1', 'sent_len_q3', 'sent_word_count_first', 'sent_word_count_max', 'sent_word_count_mean', 'sent_word_count_median', 'sent_word_count_q3', 'std_pause_time', 'text_change_nunique', 'total_pause_time', 'word_count_acc_kurt', 'word_count_acc_pst', 'word_count_acc_skew', 'word_count_acc_zero']",101,0.6055773838756583
gain,0.7,"['activity_2_cnt', 'bigram_tok_2', 'bigram_tok_4', 'bigram_tok_5', 'bigram_tok_8', 'cursor_pos_acc_kurt', 'cursor_pos_acc_max', 'cursor_pos_acc_mean', 'cursor_pos_acc_neg', 'cursor_pos_acc_q1', 'cursor_pos_acc_skew', 'cursor_pos_acc_std', 'cursor_pos_acc_sum', 'cursor_pos_neg_change_count', 'cursor_pos_roc_count_zr', 'cursor_pos_roc_kurt', 'cursor_pos_roc_max', 'cursor_pos_roc_mean', 'cursor_pos_roc_q3', 'cursor_pos_roc_skew', 'cursor_pos_roc_std', 'down_event_1', 'down_event_11', 'down_event_13', 'down_event_15', 'down_event_17', 'down_event_2', 'down_event_3', 'down_event_5', 'down_event_6', 'down_event_7', 'down_event_9', 'down_event_nunique', 'evid_acc_kurt', 'evid_acc_skew', 'evid_acc_std', 'inter_key_largest_lantency', 'inter_key_median_lantency', 'mean_pause_time', 'neg_change_count', 'one_gram_tok_0', 'one_gram_tok_1', 'one_gram_tok_10', 'one_gram_tok_11', 'one_gram_tok_2', 'one_gram_tok_3', 'one_gram_tok_4', 'one_gram_tok_5', 'one_gram_tok_6', 'one_gram_tok_7', 'one_gram_tok_8', 'one_gram_tok_9', 'p_burst_count', 'p_burst_max', 'p_burst_mean', 'p_burst_median', 'p_burst_min', 'p_burst_std', 'paragraph_len_first', 'paragraph_len_last', 'paragraph_len_max', 'paragraph_len_mean', 'paragraph_len_median', 'paragraph_len_min', 'paragraph_len_q1', 'paragraph_len_q3', 'paragraph_word_count_first', 'paragraph_word_count_last', 'paragraph_word_count_max', 'paragraph_word_count_median', 'paragraph_word_count_min', 'paragraph_word_count_q1', 'paragraph_word_count_q3', 'paragraph_word_count_sum', 'pauses_1_half_sec', 'pauses_1_sec', 'pauses_3_sec', 'pauses_half_sec', 'pos_change_count', 'r_burst_count', 'r_burst_max', 'r_burst_mean', 'r_burst_std', 'r_burst_sum', 'roc_count', 'roc_kurt', 'roc_skew', 'roc_std', 'roc_zro_count', 'sent_count', 'sent_len_first', 'sent_len_last', 'sent_len_max', 'sent_len_mean', 'sent_len_median', 'sent_len_min', 'sent_len_q1', 'sent_len_q3', 'sent_word_count_first', 'sent_word_count_last', 'sent_word_count_max', 'sent_word_count_mean', 'sent_word_count_median', 'sent_word_count_q3', 'std_pause_time', 'text_change_nunique', 'total_pause_time', 'word_count_acc_kurt', 'word_count_acc_neg', 'word_count_acc_pst', 'word_count_acc_skew', 'word_count_acc_std', 'word_count_acc_zero']",113,0.608029643051193
gain,0.75,"['activity_2_cnt', 'bigram_tok_0', 'bigram_tok_1', 'bigram_tok_2', 'bigram_tok_3', 'bigram_tok_4', 'bigram_tok_5', 'bigram_tok_7', 'bigram_tok_8', 'bigram_tok_9', 'cursor_pos_acc_kurt', 'cursor_pos_acc_max', 'cursor_pos_acc_mean', 'cursor_pos_acc_neg', 'cursor_pos_acc_q1', 'cursor_pos_acc_skew', 'cursor_pos_acc_std', 'cursor_pos_acc_sum', 'cursor_pos_neg_change_count', 'cursor_pos_pst_change_count', 'cursor_pos_roc_count_zr', 'cursor_pos_roc_kurt', 'cursor_pos_roc_max', 'cursor_pos_roc_mean', 'cursor_pos_roc_median', 'cursor_pos_roc_q3', 'cursor_pos_roc_skew', 'cursor_pos_roc_std', 'down_event_1', 'down_event_11', 'down_event_12', 'down_event_13', 'down_event_14', 'down_event_15', 'down_event_17', 'down_event_2', 'down_event_3', 'down_event_4', 'down_event_5', 'down_event_6', 'down_event_7', 'down_event_9', 'down_event_nunique', 'evid_acc_kurt', 'evid_acc_max', 'evid_acc_neg', 'evid_acc_pst', 'evid_acc_skew', 'evid_acc_std', 'inter_key_largest_lantency', 'inter_key_median_lantency', 'mean_pause_time', 'neg_change_count', 'one_gram_tok_0', 'one_gram_tok_1', 'one_gram_tok_10', 'one_gram_tok_11', 'one_gram_tok_2', 'one_gram_tok_3', 'one_gram_tok_4', 'one_gram_tok_5', 'one_gram_tok_6', 'one_gram_tok_7', 'one_gram_tok_8', 'one_gram_tok_9', 'p_burst_count', 'p_burst_max', 'p_burst_mean', 'p_burst_median', 'p_burst_min', 'p_burst_std', 'paragraph_len_first', 'paragraph_len_last', 'paragraph_len_max', 'paragraph_len_mean', 'paragraph_len_median', 'paragraph_len_min', 'paragraph_len_q1', 'paragraph_len_q3', 'paragraph_word_count_first', 'paragraph_word_count_last', 'paragraph_word_count_max', 'paragraph_word_count_median', 'paragraph_word_count_min', 'paragraph_word_count_q1', 'paragraph_word_count_q3', 'paragraph_word_count_sum', 'pauses_1_half_sec', 'pauses_1_sec', 'pauses_3_sec', 'pauses_half_sec', 'pos_change_count', 'r_burst_count', 'r_burst_max', 'r_burst_mean', 'r_burst_median', 'r_burst_std', 'r_burst_sum', 'roc_count', 'roc_kurt', 'roc_skew', 'roc_std', 'roc_zro_count', 'sent_count', 'sent_len_first', 'sent_len_last', 'sent_len_max', 'sent_len_mean', 'sent_len_median', 'sent_len_min', 'sent_len_q1', 'sent_len_q3', 'sent_len_sum', 'sent_word_count_first', 'sent_word_count_last', 'sent_word_count_max', 'sent_word_count_mean', 'sent_word_count_median', 'sent_word_count_q3', 'std_pause_time', 'text_change_nunique', 'total_pause_time', 'word_count_acc_kurt', 'word_count_acc_neg', 'word_count_acc_pst', 'word_count_acc_skew', 'word_count_acc_std', 'word_count_acc_zero']",128,0.606365302412404
gain,0.8,"['activity_0_cnt', 'activity_2_cnt', 'bigram_tok_0', 'bigram_tok_1', 'bigram_tok_2', 'bigram_tok_3', 'bigram_tok_4', 'bigram_tok_5', 'bigram_tok_7', 'bigram_tok_8', 'bigram_tok_9', 'cursor_pos_acc_kurt', 'cursor_pos_acc_max', 'cursor_pos_acc_mean', 'cursor_pos_acc_neg', 'cursor_pos_acc_pst', 'cursor_pos_acc_q1', 'cursor_pos_acc_q3', 'cursor_pos_acc_skew', 'cursor_pos_acc_std', 'cursor_pos_acc_sum', 'cursor_pos_neg_change_count', 'cursor_pos_pst_change_count', 'cursor_pos_roc_count_zr', 'cursor_pos_roc_kurt', 'cursor_pos_roc_max', 'cursor_pos_roc_mean', 'cursor_pos_roc_median', 'cursor_pos_roc_q3', 'cursor_pos_roc_skew', 'cursor_pos_roc_std', 'down_event_1', 'down_event_11', 'down_event_12', 'down_event_13', 'down_event_14', 'down_event_15', 'down_event_17', 'down_event_2', 'down_event_3', 'down_event_4', 'down_event_5', 'down_event_6', 'down_event_7', 'down_event_9', 'down_event_nunique', 'evid_acc_kurt', 'evid_acc_max', 'evid_acc_neg', 'evid_acc_pst', 'evid_acc_skew', 'evid_acc_std', 'evid_acc_zero', 'inter_key_largest_lantency', 'inter_key_median_lantency', 'mean_pause_time', 'neg_change_count', 'one_gram_tok_0', 'one_gram_tok_1', 'one_gram_tok_10', 'one_gram_tok_11', 'one_gram_tok_2', 'one_gram_tok_3', 'one_gram_tok_4', 'one_gram_tok_5', 'one_gram_tok_6', 'one_gram_tok_7', 'one_gram_tok_8', 'one_gram_tok_9', 'p_burst_count', 'p_burst_max', 'p_burst_mean', 'p_burst_median', 'p_burst_min', 'p_burst_std', 'p_burst_sum', 'paragraph_count', 'paragraph_len_first', 'paragraph_len_last', 'paragraph_len_max', 'paragraph_len_mean', 'paragraph_len_median', 'paragraph_len_min', 'paragraph_len_q1', 'paragraph_len_q3', 'paragraph_word_count_first', 'paragraph_word_count_last', 'paragraph_word_count_max', 'paragraph_word_count_mean', 'paragraph_word_count_median', 'paragraph_word_count_min', 'paragraph_word_count_q1', 'paragraph_word_count_q3', 'paragraph_word_count_sum', 'pauses_1_half_sec', 'pauses_1_sec', 'pauses_2_sec', 'pauses_3_sec', 'pauses_half_sec', 'pos_change_count', 'r_burst_count', 'r_burst_max', 'r_burst_mean', 'r_burst_median', 'r_burst_std', 'r_burst_sum', 'roc_count', 'roc_kurt', 'roc_skew', 'roc_std', 'roc_sum', 'roc_zro_count', 'sent_count', 'sent_len_first', 'sent_len_last', 'sent_len_max', 'sent_len_mean', 'sent_len_median', 'sent_len_min', 'sent_len_q1', 'sent_len_q3', 'sent_len_sum', 'sent_word_count_first', 'sent_word_count_last', 'sent_word_count_max', 'sent_word_count_mean', 'sent_word_count_median', 'sent_word_count_q1', 'sent_word_count_q3', 'std_pause_time', 'text_change_nunique', 'total_pause_time', 'word_count_acc_kurt', 'word_count_acc_max', 'word_count_acc_neg', 'word_count_acc_pst', 'word_count_acc_skew', 'word_count_acc_std', 'word_count_acc_zero']",139,0.6037907556441916
gain,0.85,"['activity_0_cnt', 'activity_2_cnt', 'bigram_tok_0', 'bigram_tok_1', 'bigram_tok_2', 'bigram_tok_3', 'bigram_tok_4', 'bigram_tok_5', 'bigram_tok_6', 'bigram_tok_7', 'bigram_tok_8', 'bigram_tok_9', 'cursor_pos_acc_kurt', 'cursor_pos_acc_max', 'cursor_pos_acc_mean', 'cursor_pos_acc_neg', 'cursor_pos_acc_pst', 'cursor_pos_acc_q1', 'cursor_pos_acc_q3', 'cursor_pos_acc_skew', 'cursor_pos_acc_std', 'cursor_pos_acc_sum', 'cursor_pos_acc_zero', 'cursor_pos_neg_change_count', 'cursor_pos_pst_change_count', 'cursor_pos_roc_count_zr', 'cursor_pos_roc_kurt', 'cursor_pos_roc_max', 'cursor_pos_roc_mean', 'cursor_pos_roc_median', 'cursor_pos_roc_q3', 'cursor_pos_roc_skew', 'cursor_pos_roc_std', 'down_event_1', 'down_event_10', 'down_event_11', 'down_event_12', 'down_event_13', 'down_event_14', 'down_event_15', 'down_event_17', 'down_event_18', 'down_event_19', 'down_event_2', 'down_event_3', 'down_event_4', 'down_event_5', 'down_event_6', 'down_event_7', 'down_event_9', 'down_event_nunique', 'evid_acc_kurt', 'evid_acc_max', 'evid_acc_neg', 'evid_acc_pst', 'evid_acc_skew', 'evid_acc_std', 'evid_acc_zero', 'inter_key_largest_lantency', 'inter_key_median_lantency', 'mean_pause_time', 'neg_change_count', 'one_gram_tok_0', 'one_gram_tok_1', 'one_gram_tok_10', 'one_gram_tok_11', 'one_gram_tok_13', 'one_gram_tok_2', 'one_gram_tok_3', 'one_gram_tok_4', 'one_gram_tok_5', 'one_gram_tok_6', 'one_gram_tok_7', 'one_gram_tok_8', 'one_gram_tok_9', 'p_burst_count', 'p_burst_max', 'p_burst_mean', 'p_burst_median', 'p_burst_min', 'p_burst_std', 'p_burst_sum', 'paragraph_count', 'paragraph_len_first', 'paragraph_len_last', 'paragraph_len_max', 'paragraph_len_mean', 'paragraph_len_median', 'paragraph_len_min', 'paragraph_len_q1', 'paragraph_len_q3', 'paragraph_word_count_first', 'paragraph_word_count_last', 'paragraph_word_count_max', 'paragraph_word_count_mean', 'paragraph_word_count_median', 'paragraph_word_count_min', 'paragraph_word_count_q1', 'paragraph_word_count_q3', 'paragraph_word_count_sum', 'pauses_1_half_sec', 'pauses_1_sec', 'pauses_2_sec', 'pauses_3_sec', 'pauses_half_sec', 'pos_change_count', 'r_burst_count', 'r_burst_max', 'r_burst_mean', 'r_burst_median', 'r_burst_std', 'r_burst_sum', 'roc_count', 'roc_kurt', 'roc_max', 'roc_mean', 'roc_q3', 'roc_skew', 'roc_std', 'roc_sum', 'roc_zro_count', 'sent_count', 'sent_len_first', 'sent_len_last', 'sent_len_max', 'sent_len_mean', 'sent_len_median', 'sent_len_min', 'sent_len_q1', 'sent_len_q3', 'sent_len_sum', 'sent_word_count_first', 'sent_word_count_last', 'sent_word_count_max', 'sent_word_count_mean', 'sent_word_count_median', 'sent_word_count_min', 'sent_word_count_q1', 'sent_word_count_q3', 'sent_word_count_sum', 'std_pause_time', 'text_change_nunique', 'total_pause_time', 'word_count_acc_kurt', 'word_count_acc_max', 'word_count_acc_neg', 'word_count_acc_pst', 'word_count_acc_skew', 'word_count_acc_std', 'word_count_acc_zero']",150,0.6021346834060236
gain,0.9,"['activity_0_cnt', 'activity_2_cnt', 'activity_3_cnt', 'activity_4_cnt', 'activity_nunique', 'bigram_tok_0', 'bigram_tok_1', 'bigram_tok_10', 'bigram_tok_11', 'bigram_tok_2', 'bigram_tok_3', 'bigram_tok_4', 'bigram_tok_5', 'bigram_tok_6', 'bigram_tok_7', 'bigram_tok_8', 'bigram_tok_9', 'cursor_pos_acc_kurt', 'cursor_pos_acc_max', 'cursor_pos_acc_mean', 'cursor_pos_acc_neg', 'cursor_pos_acc_pst', 'cursor_pos_acc_q1', 'cursor_pos_acc_q3', 'cursor_pos_acc_skew', 'cursor_pos_acc_std', 'cursor_pos_acc_sum', 'cursor_pos_acc_zero', 'cursor_pos_neg_change_count', 'cursor_pos_pst_change_count', 'cursor_pos_roc_count_zr', 'cursor_pos_roc_kurt', 'cursor_pos_roc_max', 'cursor_pos_roc_mean', 'cursor_pos_roc_median', 'cursor_pos_roc_q1', 'cursor_pos_roc_q3', 'cursor_pos_roc_skew', 'cursor_pos_roc_std', 'down_event_1', 'down_event_10', 'down_event_11', 'down_event_12', 'down_event_13', 'down_event_14', 'down_event_15', 'down_event_16', 'down_event_17', 'down_event_18', 'down_event_19', 'down_event_2', 'down_event_3', 'down_event_4', 'down_event_5', 'down_event_6', 'down_event_7', 'down_event_8', 'down_event_9', 'down_event_nunique', 'evid_acc_kurt', 'evid_acc_max', 'evid_acc_neg', 'evid_acc_pst', 'evid_acc_q3', 'evid_acc_skew', 'evid_acc_std', 'evid_acc_zero', 'inter_key_largest_lantency', 'inter_key_median_lantency', 'mean_pause_time', 'neg_change_count', 'one_gram_tok_0', 'one_gram_tok_1', 'one_gram_tok_10', 'one_gram_tok_11', 'one_gram_tok_12', 'one_gram_tok_13', 'one_gram_tok_2', 'one_gram_tok_3', 'one_gram_tok_4', 'one_gram_tok_5', 'one_gram_tok_6', 'one_gram_tok_7', 'one_gram_tok_8', 'one_gram_tok_9', 'p_burst_count', 'p_burst_max', 'p_burst_mean', 'p_burst_median', 'p_burst_min', 'p_burst_std', 'p_burst_sum', 'paragraph_count', 'paragraph_len_first', 'paragraph_len_last', 'paragraph_len_max', 'paragraph_len_mean', 'paragraph_len_median', 'paragraph_len_min', 'paragraph_len_q1', 'paragraph_len_q3', 'paragraph_len_sum', 'paragraph_word_count_first', 'paragraph_word_count_last', 'paragraph_word_count_max', 'paragraph_word_count_mean', 'paragraph_word_count_median', 'paragraph_word_count_min', 'paragraph_word_count_q1', 'paragraph_word_count_q3', 'paragraph_word_count_sum', 'pauses_1_half_sec', 'pauses_1_sec', 'pauses_2_sec', 'pauses_3_sec', 'pauses_half_sec', 'pos_change_count', 'r_burst_count', 'r_burst_max', 'r_burst_mean', 'r_burst_median', 'r_burst_std', 'r_burst_sum', 'roc_count', 'roc_kurt', 'roc_max', 'roc_mean', 'roc_q3', 'roc_skew', 'roc_std', 'roc_sum', 'roc_zro_count', 'sent_count', 'sent_len_first', 'sent_len_last', 'sent_len_max', 'sent_len_mean', 'sent_len_median', 'sent_len_min', 'sent_len_q1', 'sent_len_q3', 'sent_len_sum', 'sent_word_count_first', 'sent_word_count_last', 'sent_word_count_max', 'sent_word_count_mean', 'sent_word_count_median', 'sent_word_count_min', 'sent_word_count_q1', 'sent_word_count_q3', 'sent_word_count_sum', 'std_pause_time', 'text_change_nunique', 'total_pause_time', 'word_count_acc_kurt', 'word_count_acc_max', 'word_count_acc_neg', 'word_count_acc_pst', 'word_count_acc_skew', 'word_count_acc_std', 'word_count_acc_zero']",161,0.6032004114260995
gain,1.0,"['activity_0_cnt', 'activity_1_cnt', 'activity_2_cnt', 'activity_3_cnt', 'activity_4_cnt', 'activity_nunique', 'bigram_tok_0', 'bigram_tok_1', 'bigram_tok_10', 'bigram_tok_11', 'bigram_tok_12', 'bigram_tok_13', 'bigram_tok_14', 'bigram_tok_15', 'bigram_tok_2', 'bigram_tok_3', 'bigram_tok_4', 'bigram_tok_5', 'bigram_tok_6', 'bigram_tok_7', 'bigram_tok_8', 'bigram_tok_9', 'cursor_pos_acc_kurt', 'cursor_pos_acc_max', 'cursor_pos_acc_mean', 'cursor_pos_acc_median', 'cursor_pos_acc_neg', 'cursor_pos_acc_pst', 'cursor_pos_acc_q1', 'cursor_pos_acc_q3', 'cursor_pos_acc_skew', 'cursor_pos_acc_std', 'cursor_pos_acc_sum', 'cursor_pos_acc_zero', 'cursor_pos_neg_change_count', 'cursor_pos_pst_change_count', 'cursor_pos_roc_count', 'cursor_pos_roc_count_zr', 'cursor_pos_roc_kurt', 'cursor_pos_roc_max', 'cursor_pos_roc_mean', 'cursor_pos_roc_median', 'cursor_pos_roc_q1', 'cursor_pos_roc_q3', 'cursor_pos_roc_skew', 'cursor_pos_roc_std', 'down_event_1', 'down_event_10', 'down_event_11', 'down_event_12', 'down_event_13', 'down_event_14', 'down_event_15', 'down_event_16', 'down_event_17', 'down_event_18', 'down_event_19', 'down_event_2', 'down_event_20', 'down_event_3', 'down_event_4', 'down_event_5', 'down_event_6', 'down_event_7', 'down_event_8', 'down_event_9', 'down_event_nunique', 'evid_acc_kurt', 'evid_acc_max', 'evid_acc_mean', 'evid_acc_median', 'evid_acc_neg', 'evid_acc_pst', 'evid_acc_q1', 'evid_acc_q3', 'evid_acc_skew', 'evid_acc_std', 'evid_acc_sum', 'evid_acc_zero', 'inter_key_largest_lantency', 'inter_key_median_lantency', 'mean_pause_time', 'neg_change_count', 'one_gram_tok_0', 'one_gram_tok_1', 'one_gram_tok_10', 'one_gram_tok_11', 'one_gram_tok_12', 'one_gram_tok_13', 'one_gram_tok_14', 'one_gram_tok_15', 'one_gram_tok_2', 'one_gram_tok_3', 'one_gram_tok_4', 'one_gram_tok_5', 'one_gram_tok_6', 'one_gram_tok_7', 'one_gram_tok_8', 'one_gram_tok_9', 'p_burst_count', 'p_burst_max', 'p_burst_mean', 'p_burst_median', 'p_burst_min', 'p_burst_std', 'p_burst_sum', 'paragraph_count', 'paragraph_len_first', 'paragraph_len_last', 'paragraph_len_max', 'paragraph_len_mean', 'paragraph_len_median', 'paragraph_len_min', 'paragraph_len_q1', 'paragraph_len_q3', 'paragraph_len_sum', 'paragraph_word_count_first', 'paragraph_word_count_last', 'paragraph_word_count_max', 'paragraph_word_count_mean', 'paragraph_word_count_median', 'paragraph_word_count_min', 'paragraph_word_count_q1', 'paragraph_word_count_q3', 'paragraph_word_count_sum', 'pauses_1_half_sec', 'pauses_1_sec', 'pauses_2_sec', 'pauses_3_sec', 'pauses_half_sec', 'pos_change_count', 'r_burst_count', 'r_burst_max', 'r_burst_mean', 'r_burst_median', 'r_burst_min', 'r_burst_std', 'r_burst_sum', 'roc_count', 'roc_kurt', 'roc_max', 'roc_mean', 'roc_median', 'roc_q1', 'roc_q3', 'roc_skew', 'roc_std', 'roc_sum', 'roc_zro_count', 'sent_count', 'sent_len_first', 'sent_len_last', 'sent_len_max', 'sent_len_mean', 'sent_len_median', 'sent_len_min', 'sent_len_q1', 'sent_len_q3', 'sent_len_sum', 'sent_word_count_first', 'sent_word_count_last', 'sent_word_count_max', 'sent_word_count_mean', 'sent_word_count_median', 'sent_word_count_min', 'sent_word_count_q1', 'sent_word_count_q3', 'sent_word_count_sum', 'std_pause_time', 'text_change_nunique', 'total_pause_time', 'word_count_acc_kurt', 'word_count_acc_max', 'word_count_acc_mean', 'word_count_acc_median', 'word_count_acc_neg', 'word_count_acc_pst', 'word_count_acc_q1', 'word_count_acc_q3', 'word_count_acc_skew', 'word_count_acc_std', 'word_count_acc_sum', 'word_count_acc_zero']",183,0.6044002794841371
split,0.5,"['activity_2_cnt', 'bigram_tok_2', 'cursor_pos_acc_kurt', 'cursor_pos_acc_max', 'cursor_pos_acc_skew', 'cursor_pos_acc_std', 'cursor_pos_acc_sum', 'cursor_pos_neg_change_count', 'cursor_pos_roc_kurt', 'cursor_pos_roc_max', 'cursor_pos_roc_mean', 'cursor_pos_roc_skew', 'down_event_11', 'down_event_13', 'down_event_15', 'down_event_2', 'down_event_5', 'down_event_6', 'down_event_9', 'evid_acc_kurt', 'evid_acc_skew', 'evid_acc_std', 'inter_key_largest_lantency', 'inter_key_median_lantency', 'one_gram_tok_0', 'one_gram_tok_1', 'one_gram_tok_2', 'one_gram_tok_3', 'one_gram_tok_4', 'one_gram_tok_5', 'one_gram_tok_6', 'one_gram_tok_7', 'p_burst_count', 'p_burst_mean', 'paragraph_len_first', 'paragraph_len_last', 'paragraph_len_max', 'paragraph_len_min', 'paragraph_len_q1', 'paragraph_len_q3', 'paragraph_word_count_first', 'paragraph_word_count_last', 'paragraph_word_count_max', 'paragraph_word_count_median', 'paragraph_word_count_q1', 'pauses_1_half_sec', 'pauses_1_sec', 'pauses_3_sec', 'pauses_half_sec', 'r_burst_count', 'r_burst_mean', 'r_burst_std', 'roc_count', 'roc_kurt', 'roc_skew', 'roc_std', 'sent_len_first', 'sent_len_last', 'sent_len_max', 'sent_len_median', 'sent_len_min', 'sent_len_q1', 'sent_len_q3', 'sent_word_count_max', 'sent_word_count_q3', 'std_pause_time', 'word_count_acc_kurt', 'word_count_acc_pst', 'word_count_acc_skew']",69,0.611723395049293
split,0.6,"['activity_2_cnt', 'bigram_tok_2', 'bigram_tok_4', 'cursor_pos_acc_kurt', 'cursor_pos_acc_max', 'cursor_pos_acc_mean', 'cursor_pos_acc_skew', 'cursor_pos_acc_std', 'cursor_pos_acc_sum', 'cursor_pos_neg_change_count', 'cursor_pos_roc_kurt', 'cursor_pos_roc_max', 'cursor_pos_roc_mean', 'cursor_pos_roc_skew', 'down_event_11', 'down_event_13', 'down_event_15', 'down_event_2', 'down_event_5', 'down_event_6', 'down_event_7', 'down_event_9', 'down_event_nunique', 'evid_acc_kurt', 'evid_acc_skew', 'evid_acc_std', 'inter_key_largest_lantency', 'inter_key_median_lantency', 'one_gram_tok_0', 'one_gram_tok_1', 'one_gram_tok_2', 'one_gram_tok_3', 'one_gram_tok_4', 'one_gram_tok_5', 'one_gram_tok_6', 'one_gram_tok_7', 'one_gram_tok_8', 'one_gram_tok_9', 'p_burst_count', 'p_burst_max', 'p_burst_mean', 'p_burst_median', 'p_burst_std', 'paragraph_len_first', 'paragraph_len_last', 'paragraph_len_max', 'paragraph_len_mean', 'paragraph_len_median', 'paragraph_len_min', 'paragraph_len_q1', 'paragraph_len_q3', 'paragraph_word_count_first', 'paragraph_word_count_last', 'paragraph_word_count_max', 'paragraph_word_count_median', 'paragraph_word_count_min', 'paragraph_word_count_q1', 'paragraph_word_count_q3', 'pauses_1_half_sec', 'pauses_1_sec', 'pauses_3_sec', 'pauses_half_sec', 'r_burst_count', 'r_burst_max', 'r_burst_mean', 'r_burst_std', 'r_burst_sum', 'roc_count', 'roc_kurt', 'roc_skew', 'roc_std', 'sent_len_first', 'sent_len_last', 'sent_len_max', 'sent_len_median', 'sent_len_min', 'sent_len_q1', 'sent_len_q3', 'sent_word_count_first', 'sent_word_count_last', 'sent_word_count_max', 'sent_word_count_mean', 'sent_word_count_q3', 'std_pause_time', 'text_change_nunique', 'total_pause_time', 'word_count_acc_kurt', 'word_count_acc_pst', 'word_count_acc_skew']",89,0.606821980416531
split,0.65,"['activity_2_cnt', 'bigram_tok_2', 'bigram_tok_4', 'bigram_tok_5', 'bigram_tok_8', 'cursor_pos_acc_kurt', 'cursor_pos_acc_max', 'cursor_pos_acc_mean', 'cursor_pos_acc_skew', 'cursor_pos_acc_std', 'cursor_pos_acc_sum', 'cursor_pos_neg_change_count', 'cursor_pos_roc_count_zr', 'cursor_pos_roc_kurt', 'cursor_pos_roc_max', 'cursor_pos_roc_mean', 'cursor_pos_roc_skew', 'cursor_pos_roc_std', 'down_event_1', 'down_event_11', 'down_event_13', 'down_event_15', 'down_event_17', 'down_event_2', 'down_event_5', 'down_event_6', 'down_event_7', 'down_event_9', 'down_event_nunique', 'evid_acc_kurt', 'evid_acc_max', 'evid_acc_skew', 'evid_acc_std', 'inter_key_largest_lantency', 'inter_key_median_lantency', 'neg_change_count', 'one_gram_tok_0', 'one_gram_tok_1', 'one_gram_tok_10', 'one_gram_tok_2', 'one_gram_tok_3', 'one_gram_tok_4', 'one_gram_tok_5', 'one_gram_tok_6', 'one_gram_tok_7', 'one_gram_tok_8', 'one_gram_tok_9', 'p_burst_count', 'p_burst_max', 'p_burst_mean', 'p_burst_median', 'p_burst_std', 'paragraph_len_first', 'paragraph_len_last', 'paragraph_len_max', 'paragraph_len_mean', 'paragraph_len_median', 'paragraph_len_min', 'paragraph_len_q1', 'paragraph_len_q3', 'paragraph_word_count_first', 'paragraph_word_count_last', 'paragraph_word_count_max', 'paragraph_word_count_median', 'paragraph_word_count_min', 'paragraph_word_count_q1', 'paragraph_word_count_q3', 'pauses_1_half_sec', 'pauses_1_sec', 'pauses_3_sec', 'pauses_half_sec', 'pos_change_count', 'r_burst_count', 'r_burst_max', 'r_burst_mean', 'r_burst_std', 'r_burst_sum', 'roc_count', 'roc_kurt', 'roc_skew', 'roc_std', 'roc_zro_count', 'sent_count', 'sent_len_first', 'sent_len_last', 'sent_len_max', 'sent_len_mean', 'sent_len_median', 'sent_len_min', 'sent_len_q1', 'sent_len_q3', 'sent_word_count_first', 'sent_word_count_last', 'sent_word_count_max', 'sent_word_count_mean', 'sent_word_count_q3', 'std_pause_time', 'text_change_nunique', 'total_pause_time', 'word_count_acc_kurt', 'word_count_acc_pst', 'word_count_acc_skew']",102,0.6081684677132234
split,0.7,"['activity_2_cnt', 'bigram_tok_0', 'bigram_tok_1', 'bigram_tok_2', 'bigram_tok_4', 'bigram_tok_5', 'bigram_tok_8', 'cursor_pos_acc_kurt', 'cursor_pos_acc_max', 'cursor_pos_acc_mean', 'cursor_pos_acc_neg', 'cursor_pos_acc_skew', 'cursor_pos_acc_std', 'cursor_pos_acc_sum', 'cursor_pos_neg_change_count', 'cursor_pos_roc_count_zr', 'cursor_pos_roc_kurt', 'cursor_pos_roc_max', 'cursor_pos_roc_mean', 'cursor_pos_roc_q3', 'cursor_pos_roc_skew', 'cursor_pos_roc_std', 'down_event_1', 'down_event_11', 'down_event_13', 'down_event_15', 'down_event_17', 'down_event_2', 'down_event_3', 'down_event_4', 'down_event_5', 'down_event_6', 'down_event_7', 'down_event_9', 'down_event_nunique', 'evid_acc_kurt', 'evid_acc_max', 'evid_acc_skew', 'evid_acc_std', 'inter_key_largest_lantency', 'inter_key_median_lantency', 'mean_pause_time', 'neg_change_count', 'one_gram_tok_0', 'one_gram_tok_1', 'one_gram_tok_10', 'one_gram_tok_11', 'one_gram_tok_2', 'one_gram_tok_3', 'one_gram_tok_4', 'one_gram_tok_5', 'one_gram_tok_6', 'one_gram_tok_7', 'one_gram_tok_8', 'one_gram_tok_9', 'p_burst_count', 'p_burst_max', 'p_burst_mean', 'p_burst_median', 'p_burst_min', 'p_burst_std', 'paragraph_len_first', 'paragraph_len_last', 'paragraph_len_max', 'paragraph_len_mean', 'paragraph_len_median', 'paragraph_len_min', 'paragraph_len_q1', 'paragraph_len_q3', 'paragraph_word_count_first', 'paragraph_word_count_last', 'paragraph_word_count_max', 'paragraph_word_count_median', 'paragraph_word_count_min', 'paragraph_word_count_q1', 'paragraph_word_count_q3', 'paragraph_word_count_sum', 'pauses_1_half_sec', 'pauses_1_sec', 'pauses_3_sec', 'pauses_half_sec', 'pos_change_count', 'r_burst_count', 'r_burst_max', 'r_burst_mean', 'r_burst_std', 'r_burst_sum', 'roc_count', 'roc_kurt', 'roc_skew', 'roc_std', 'roc_zro_count', 'sent_count', 'sent_len_first', 'sent_len_last', 'sent_len_max', 'sent_len_mean', 'sent_len_median', 'sent_len_min', 'sent_len_q1', 'sent_len_q3', 'sent_word_count_first', 'sent_word_count_last', 'sent_word_count_max', 'sent_word_count_mean', 'sent_word_count_median', 'sent_word_count_q3', 'std_pause_time', 'text_change_nunique', 'total_pause_time', 'word_count_acc_kurt', 'word_count_acc_pst', 'word_count_acc_skew', 'word_count_acc_std']",114,0.6062660752032979
split,0.75,"['activity_2_cnt', 'bigram_tok_0', 'bigram_tok_1', 'bigram_tok_2', 'bigram_tok_3', 'bigram_tok_4', 'bigram_tok_5', 'bigram_tok_7', 'bigram_tok_8', 'cursor_pos_acc_kurt', 'cursor_pos_acc_max', 'cursor_pos_acc_mean', 'cursor_pos_acc_neg', 'cursor_pos_acc_q1', 'cursor_pos_acc_skew', 'cursor_pos_acc_std', 'cursor_pos_acc_sum', 'cursor_pos_neg_change_count', 'cursor_pos_pst_change_count', 'cursor_pos_roc_count_zr', 'cursor_pos_roc_kurt', 'cursor_pos_roc_max', 'cursor_pos_roc_mean', 'cursor_pos_roc_q3', 'cursor_pos_roc_skew', 'cursor_pos_roc_std', 'down_event_1', 'down_event_11', 'down_event_12', 'down_event_13', 'down_event_14', 'down_event_15', 'down_event_17', 'down_event_2', 'down_event_3', 'down_event_4', 'down_event_5', 'down_event_6', 'down_event_7', 'down_event_9', 'down_event_nunique', 'evid_acc_kurt', 'evid_acc_max', 'evid_acc_neg', 'evid_acc_pst', 'evid_acc_skew', 'evid_acc_std', 'inter_key_largest_lantency', 'inter_key_median_lantency', 'mean_pause_time', 'neg_change_count', 'one_gram_tok_0', 'one_gram_tok_1', 'one_gram_tok_10', 'one_gram_tok_11', 'one_gram_tok_2', 'one_gram_tok_3', 'one_gram_tok_4', 'one_gram_tok_5', 'one_gram_tok_6', 'one_gram_tok_7', 'one_gram_tok_8', 'one_gram_tok_9', 'p_burst_count', 'p_burst_max', 'p_burst_mean', 'p_burst_median', 'p_burst_min', 'p_burst_std', 'paragraph_len_first', 'paragraph_len_last', 'paragraph_len_max', 'paragraph_len_mean', 'paragraph_len_median', 'paragraph_len_min', 'paragraph_len_q1', 'paragraph_len_q3', 'paragraph_word_count_first', 'paragraph_word_count_last', 'paragraph_word_count_max', 'paragraph_word_count_mean', 'paragraph_word_count_median', 'paragraph_word_count_min', 'paragraph_word_count_q1', 'paragraph_word_count_q3', 'paragraph_word_count_sum', 'pauses_1_half_sec', 'pauses_1_sec', 'pauses_2_sec', 'pauses_3_sec', 'pauses_half_sec', 'pos_change_count', 'r_burst_count', 'r_burst_max', 'r_burst_mean', 'r_burst_std', 'r_burst_sum', 'roc_count', 'roc_kurt', 'roc_mean', 'roc_skew', 'roc_std', 'roc_zro_count', 'sent_count', 'sent_len_first', 'sent_len_last', 'sent_len_max', 'sent_len_mean', 'sent_len_median', 'sent_len_min', 'sent_len_q1', 'sent_len_q3', 'sent_len_sum', 'sent_word_count_first', 'sent_word_count_last', 'sent_word_count_max', 'sent_word_count_mean', 'sent_word_count_median', 'sent_word_count_q3', 'std_pause_time', 'text_change_nunique', 'total_pause_time', 'word_count_acc_kurt', 'word_count_acc_neg', 'word_count_acc_pst', 'word_count_acc_skew', 'word_count_acc_std']",127,0.6027420710416106
split,0.8,"['activity_0_cnt', 'activity_2_cnt', 'bigram_tok_0', 'bigram_tok_1', 'bigram_tok_2', 'bigram_tok_3', 'bigram_tok_4', 'bigram_tok_5', 'bigram_tok_7', 'bigram_tok_8', 'bigram_tok_9', 'cursor_pos_acc_kurt', 'cursor_pos_acc_max', 'cursor_pos_acc_mean', 'cursor_pos_acc_neg', 'cursor_pos_acc_pst', 'cursor_pos_acc_q1', 'cursor_pos_acc_q3', 'cursor_pos_acc_skew', 'cursor_pos_acc_std', 'cursor_pos_acc_sum', 'cursor_pos_neg_change_count', 'cursor_pos_pst_change_count', 'cursor_pos_roc_count_zr', 'cursor_pos_roc_kurt', 'cursor_pos_roc_max', 'cursor_pos_roc_mean', 'cursor_pos_roc_median', 'cursor_pos_roc_q3', 'cursor_pos_roc_skew', 'cursor_pos_roc_std', 'down_event_1', 'down_event_11', 'down_event_12', 'down_event_13', 'down_event_14', 'down_event_15', 'down_event_17', 'down_event_2', 'down_event_3', 'down_event_4', 'down_event_5', 'down_event_6', 'down_event_7', 'down_event_9', 'down_event_nunique', 'evid_acc_kurt', 'evid_acc_max', 'evid_acc_neg', 'evid_acc_pst', 'evid_acc_skew', 'evid_acc_std', 'evid_acc_zero', 'inter_key_largest_lantency', 'inter_key_median_lantency', 'mean_pause_time', 'neg_change_count', 'one_gram_tok_0', 'one_gram_tok_1', 'one_gram_tok_10', 'one_gram_tok_11', 'one_gram_tok_2', 'one_gram_tok_3', 'one_gram_tok_4', 'one_gram_tok_5', 'one_gram_tok_6', 'one_gram_tok_7', 'one_gram_tok_8', 'one_gram_tok_9', 'p_burst_count', 'p_burst_max', 'p_burst_mean', 'p_burst_median', 'p_burst_min', 'p_burst_std', 'p_burst_sum', 'paragraph_count', 'paragraph_len_first', 'paragraph_len_last', 'paragraph_len_max', 'paragraph_len_mean', 'paragraph_len_median', 'paragraph_len_min', 'paragraph_len_q1', 'paragraph_len_q3', 'paragraph_word_count_first', 'paragraph_word_count_last', 'paragraph_word_count_max', 'paragraph_word_count_mean', 'paragraph_word_count_median', 'paragraph_word_count_min', 'paragraph_word_count_q1', 'paragraph_word_count_q3', 'paragraph_word_count_sum', 'pauses_1_half_sec', 'pauses_1_sec', 'pauses_2_sec', 'pauses_3_sec', 'pauses_half_sec', 'pos_change_count', 'r_burst_count', 'r_burst_max', 'r_burst_mean', 'r_burst_median', 'r_burst_std', 'r_burst_sum', 'roc_count', 'roc_kurt', 'roc_mean', 'roc_skew', 'roc_std', 'roc_sum', 'roc_zro_count', 'sent_count', 'sent_len_first', 'sent_len_last', 'sent_len_max', 'sent_len_mean', 'sent_len_median', 'sent_len_min', 'sent_len_q1', 'sent_len_q3', 'sent_len_sum', 'sent_word_count_first', 'sent_word_count_last', 'sent_word_count_max', 'sent_word_count_mean', 'sent_word_count_median', 'sent_word_count_q1', 'sent_word_count_q3', 'std_pause_time', 'text_change_nunique', 'total_pause_time', 'word_count_acc_kurt', 'word_count_acc_max', 'word_count_acc_neg', 'word_count_acc_pst', 'word_count_acc_skew', 'word_count_acc_std', 'word_count_acc_zero']",140,0.6032626428101013
split,0.85,"['activity_0_cnt', 'activity_2_cnt', 'activity_3_cnt', 'bigram_tok_0', 'bigram_tok_1', 'bigram_tok_2', 'bigram_tok_3', 'bigram_tok_4', 'bigram_tok_5', 'bigram_tok_6', 'bigram_tok_7', 'bigram_tok_8', 'bigram_tok_9', 'cursor_pos_acc_kurt', 'cursor_pos_acc_max', 'cursor_pos_acc_mean', 'cursor_pos_acc_neg', 'cursor_pos_acc_pst', 'cursor_pos_acc_q1', 'cursor_pos_acc_q3', 'cursor_pos_acc_skew', 'cursor_pos_acc_std', 'cursor_pos_acc_sum', 'cursor_pos_acc_zero', 'cursor_pos_neg_change_count', 'cursor_pos_pst_change_count', 'cursor_pos_roc_count_zr', 'cursor_pos_roc_kurt', 'cursor_pos_roc_max', 'cursor_pos_roc_mean', 'cursor_pos_roc_median', 'cursor_pos_roc_q3', 'cursor_pos_roc_skew', 'cursor_pos_roc_std', 'down_event_1', 'down_event_10', 'down_event_11', 'down_event_12', 'down_event_13', 'down_event_14', 'down_event_15', 'down_event_17', 'down_event_18', 'down_event_19', 'down_event_2', 'down_event_3', 'down_event_4', 'down_event_5', 'down_event_6', 'down_event_7', 'down_event_9', 'down_event_nunique', 'evid_acc_kurt', 'evid_acc_max', 'evid_acc_neg', 'evid_acc_pst', 'evid_acc_skew', 'evid_acc_std', 'evid_acc_zero', 'inter_key_largest_lantency', 'inter_key_median_lantency', 'mean_pause_time', 'neg_change_count', 'one_gram_tok_0', 'one_gram_tok_1', 'one_gram_tok_10', 'one_gram_tok_11', 'one_gram_tok_2', 'one_gram_tok_3', 'one_gram_tok_4', 'one_gram_tok_5', 'one_gram_tok_6', 'one_gram_tok_7', 'one_gram_tok_8', 'one_gram_tok_9', 'p_burst_count', 'p_burst_max', 'p_burst_mean', 'p_burst_median', 'p_burst_min', 'p_burst_std', 'p_burst_sum', 'paragraph_count', 'paragraph_len_first', 'paragraph_len_last', 'paragraph_len_max', 'paragraph_len_mean', 'paragraph_len_median', 'paragraph_len_min', 'paragraph_len_q1', 'paragraph_len_q3', 'paragraph_len_sum', 'paragraph_word_count_first', 'paragraph_word_count_last', 'paragraph_word_count_max', 'paragraph_word_count_mean', 'paragraph_word_count_median', 'paragraph_word_count_min', 'paragraph_word_count_q1', 'paragraph_word_count_q3', 'paragraph_word_count_sum', 'pauses_1_half_sec', 'pauses_1_sec', 'pauses_2_sec', 'pauses_3_sec', 'pauses_half_sec', 'pos_change_count', 'r_burst_count', 'r_burst_max', 'r_burst_mean', 'r_burst_median', 'r_burst_std', 'r_burst_sum', 'roc_count', 'roc_kurt', 'roc_max', 'roc_mean', 'roc_skew', 'roc_std', 'roc_sum', 'roc_zro_count', 'sent_count', 'sent_len_first', 'sent_len_last', 'sent_len_max', 'sent_len_mean', 'sent_len_median', 'sent_len_min', 'sent_len_q1', 'sent_len_q3', 'sent_len_sum', 'sent_word_count_first', 'sent_word_count_last', 'sent_word_count_max', 'sent_word_count_mean', 'sent_word_count_median', 'sent_word_count_min', 'sent_word_count_q1', 'sent_word_count_q3', 'sent_word_count_sum', 'std_pause_time', 'text_change_nunique', 'total_pause_time', 'word_count_acc_kurt', 'word_count_acc_max', 'word_count_acc_neg', 'word_count_acc_pst', 'word_count_acc_skew', 'word_count_acc_std', 'word_count_acc_zero']",150,0.6027951215506098
split,0.9,"['activity_0_cnt', 'activity_2_cnt', 'activity_3_cnt', 'activity_4_cnt', 'bigram_tok_0', 'bigram_tok_1', 'bigram_tok_10', 'bigram_tok_11', 'bigram_tok_2', 'bigram_tok_3', 'bigram_tok_4', 'bigram_tok_5', 'bigram_tok_6', 'bigram_tok_7', 'bigram_tok_8', 'bigram_tok_9', 'cursor_pos_acc_kurt', 'cursor_pos_acc_max', 'cursor_pos_acc_mean', 'cursor_pos_acc_neg', 'cursor_pos_acc_pst', 'cursor_pos_acc_q1', 'cursor_pos_acc_q3', 'cursor_pos_acc_skew', 'cursor_pos_acc_std', 'cursor_pos_acc_sum', 'cursor_pos_acc_zero', 'cursor_pos_neg_change_count', 'cursor_pos_pst_change_count', 'cursor_pos_roc_count_zr', 'cursor_pos_roc_kurt', 'cursor_pos_roc_max', 'cursor_pos_roc_mean', 'cursor_pos_roc_median', 'cursor_pos_roc_q1', 'cursor_pos_roc_q3', 'cursor_pos_roc_skew', 'cursor_pos_roc_std', 'down_event_1', 'down_event_10', 'down_event_11', 'down_event_12', 'down_event_13', 'down_event_14', 'down_event_15', 'down_event_16', 'down_event_17', 'down_event_18', 'down_event_19', 'down_event_2', 'down_event_3', 'down_event_4', 'down_event_5', 'down_event_6', 'down_event_7', 'down_event_8', 'down_event_9', 'down_event_nunique', 'evid_acc_kurt', 'evid_acc_max', 'evid_acc_neg', 'evid_acc_pst', 'evid_acc_q3', 'evid_acc_skew', 'evid_acc_std', 'evid_acc_zero', 'inter_key_largest_lantency', 'inter_key_median_lantency', 'mean_pause_time', 'neg_change_count', 'one_gram_tok_0', 'one_gram_tok_1', 'one_gram_tok_10', 'one_gram_tok_11', 'one_gram_tok_12', 'one_gram_tok_13', 'one_gram_tok_2', 'one_gram_tok_3', 'one_gram_tok_4', 'one_gram_tok_5', 'one_gram_tok_6', 'one_gram_tok_7', 'one_gram_tok_8', 'one_gram_tok_9', 'p_burst_count', 'p_burst_max', 'p_burst_mean', 'p_burst_median', 'p_burst_min', 'p_burst_std', 'p_burst_sum', 'paragraph_count', 'paragraph_len_first', 'paragraph_len_last', 'paragraph_len_max', 'paragraph_len_mean', 'paragraph_len_median', 'paragraph_len_min', 'paragraph_len_q1', 'paragraph_len_q3', 'paragraph_len_sum', 'paragraph_word_count_first', 'paragraph_word_count_last', 'paragraph_word_count_max', 'paragraph_word_count_mean', 'paragraph_word_count_median', 'paragraph_word_count_min', 'paragraph_word_count_q1', 'paragraph_word_count_q3', 'paragraph_word_count_sum', 'pauses_1_half_sec', 'pauses_1_sec', 'pauses_2_sec', 'pauses_3_sec', 'pauses_half_sec', 'pos_change_count', 'r_burst_count', 'r_burst_max', 'r_burst_mean', 'r_burst_median', 'r_burst_std', 'r_burst_sum', 'roc_count', 'roc_kurt', 'roc_max', 'roc_mean', 'roc_q3', 'roc_skew', 'roc_std', 'roc_sum', 'roc_zro_count', 'sent_count', 'sent_len_first', 'sent_len_last', 'sent_len_max', 'sent_len_mean', 'sent_len_median', 'sent_len_min', 'sent_len_q1', 'sent_len_q3', 'sent_len_sum', 'sent_word_count_first', 'sent_word_count_last', 'sent_word_count_max', 'sent_word_count_mean', 'sent_word_count_median', 'sent_word_count_min', 'sent_word_count_q1', 'sent_word_count_q3', 'sent_word_count_sum', 'std_pause_time', 'text_change_nunique', 'total_pause_time', 'word_count_acc_kurt', 'word_count_acc_max', 'word_count_acc_neg', 'word_count_acc_pst', 'word_count_acc_q1', 'word_count_acc_skew', 'word_count_acc_std', 'word_count_acc_zero']",161,0.6022304762719942
split,1.0,"['activity_0_cnt', 'activity_1_cnt', 'activity_2_cnt', 'activity_3_cnt', 'activity_4_cnt', 'activity_nunique', 'bigram_tok_0', 'bigram_tok_1', 'bigram_tok_10', 'bigram_tok_11', 'bigram_tok_12', 'bigram_tok_13', 'bigram_tok_14', 'bigram_tok_15', 'bigram_tok_2', 'bigram_tok_3', 'bigram_tok_4', 'bigram_tok_5', 'bigram_tok_6', 'bigram_tok_7', 'bigram_tok_8', 'bigram_tok_9', 'cursor_pos_acc_kurt', 'cursor_pos_acc_max', 'cursor_pos_acc_mean', 'cursor_pos_acc_median', 'cursor_pos_acc_neg', 'cursor_pos_acc_pst', 'cursor_pos_acc_q1', 'cursor_pos_acc_q3', 'cursor_pos_acc_skew', 'cursor_pos_acc_std', 'cursor_pos_acc_sum', 'cursor_pos_acc_zero', 'cursor_pos_neg_change_count', 'cursor_pos_pst_change_count', 'cursor_pos_roc_count', 'cursor_pos_roc_count_zr', 'cursor_pos_roc_kurt', 'cursor_pos_roc_max', 'cursor_pos_roc_mean', 'cursor_pos_roc_median', 'cursor_pos_roc_q1', 'cursor_pos_roc_q3', 'cursor_pos_roc_skew', 'cursor_pos_roc_std', 'down_event_1', 'down_event_10', 'down_event_11', 'down_event_12', 'down_event_13', 'down_event_14', 'down_event_15', 'down_event_16', 'down_event_17', 'down_event_18', 'down_event_19', 'down_event_2', 'down_event_20', 'down_event_3', 'down_event_4', 'down_event_5', 'down_event_6', 'down_event_7', 'down_event_8', 'down_event_9', 'down_event_nunique', 'evid_acc_kurt', 'evid_acc_max', 'evid_acc_mean', 'evid_acc_median', 'evid_acc_neg', 'evid_acc_pst', 'evid_acc_q1', 'evid_acc_q3', 'evid_acc_skew', 'evid_acc_std', 'evid_acc_sum', 'evid_acc_zero', 'inter_key_largest_lantency', 'inter_key_median_lantency', 'mean_pause_time', 'neg_change_count', 'one_gram_tok_0', 'one_gram_tok_1', 'one_gram_tok_10', 'one_gram_tok_11', 'one_gram_tok_12', 'one_gram_tok_13', 'one_gram_tok_14', 'one_gram_tok_15', 'one_gram_tok_2', 'one_gram_tok_3', 'one_gram_tok_4', 'one_gram_tok_5', 'one_gram_tok_6', 'one_gram_tok_7', 'one_gram_tok_8', 'one_gram_tok_9', 'p_burst_count', 'p_burst_max', 'p_burst_mean', 'p_burst_median', 'p_burst_min', 'p_burst_std', 'p_burst_sum', 'paragraph_count', 'paragraph_len_first', 'paragraph_len_last', 'paragraph_len_max', 'paragraph_len_mean', 'paragraph_len_median', 'paragraph_len_min', 'paragraph_len_q1', 'paragraph_len_q3', 'paragraph_len_sum', 'paragraph_word_count_first', 'paragraph_word_count_last', 'paragraph_word_count_max', 'paragraph_word_count_mean', 'paragraph_word_count_median', 'paragraph_word_count_min', 'paragraph_word_count_q1', 'paragraph_word_count_q3', 'paragraph_word_count_sum', 'pauses_1_half_sec', 'pauses_1_sec', 'pauses_2_sec', 'pauses_3_sec', 'pauses_half_sec', 'pos_change_count', 'r_burst_count', 'r_burst_max', 'r_burst_mean', 'r_burst_median', 'r_burst_min', 'r_burst_std', 'r_burst_sum', 'roc_count', 'roc_kurt', 'roc_max', 'roc_mean', 'roc_median', 'roc_q1', 'roc_q3', 'roc_skew', 'roc_std', 'roc_sum', 'roc_zro_count', 'sent_count', 'sent_len_first', 'sent_len_last', 'sent_len_max', 'sent_len_mean', 'sent_len_median', 'sent_len_min', 'sent_len_q1', 'sent_len_q3', 'sent_len_sum', 'sent_word_count_first', 'sent_word_count_last', 'sent_word_count_max', 'sent_word_count_mean', 'sent_word_count_median', 'sent_word_count_min', 'sent_word_count_q1', 'sent_word_count_q3', 'sent_word_count_sum', 'std_pause_time', 'text_change_nunique', 'total_pause_time', 'word_count_acc_kurt', 'word_count_acc_max', 'word_count_acc_mean', 'word_count_acc_median', 'word_count_acc_neg', 'word_count_acc_pst', 'word_count_acc_q1', 'word_count_acc_q3', 'word_count_acc_skew', 'word_count_acc_std', 'word_count_acc_sum', 'word_count_acc_zero']",183,0.6044002794841371
both,0.5,"['bigram_tok_2', 'cursor_pos_acc_kurt', 'cursor_pos_acc_max', 'cursor_pos_acc_skew', 'cursor_pos_acc_std', 'cursor_pos_acc_sum', 'cursor_pos_neg_change_count', 'cursor_pos_roc_kurt', 'cursor_pos_roc_max', 'cursor_pos_roc_mean', 'cursor_pos_roc_skew', 'down_event_11', 'down_event_13', 'down_event_5', 'down_event_6', 'down_event_9', 'evid_acc_kurt', 'evid_acc_skew', 'evid_acc_std', 'inter_key_largest_lantency', 'inter_key_median_lantency', 'one_gram_tok_0', 'one_gram_tok_1', 'one_gram_tok_2', 'one_gram_tok_3', 'one_gram_tok_4', 'one_gram_tok_5', 'one_gram_tok_6', 'one_gram_tok_7', 'p_burst_mean', 'paragraph_len_first', 'paragraph_len_last', 'paragraph_len_max', 'paragraph_len_min', 'paragraph_len_q1', 'paragraph_len_q3', 'paragraph_word_count_first', 'paragraph_word_count_last', 'paragraph_word_count_max', 'paragraph_word_count_median', 'paragraph_word_count_q1', 'pauses_1_half_sec', 'pauses_1_sec', 'pauses_3_sec', 'pauses_half_sec', 'r_burst_count', 'r_burst_mean', 'r_burst_std', 'roc_count', 'roc_kurt', 'roc_std', 'sent_len_first', 'sent_len_last', 'sent_len_max', 'sent_len_median', 'sent_len_min', 'sent_len_q1', 'sent_len_q3', 'sent_word_count_max', 'sent_word_count_q3', 'word_count_acc_kurt', 'word_count_acc_pst', 'word_count_acc_skew']",63,0.6094629369760879
both,0.6,"['activity_2_cnt', 'bigram_tok_2', 'bigram_tok_4', 'cursor_pos_acc_kurt', 'cursor_pos_acc_max', 'cursor_pos_acc_mean', 'cursor_pos_acc_skew', 'cursor_pos_acc_std', 'cursor_pos_acc_sum', 'cursor_pos_neg_change_count', 'cursor_pos_roc_kurt', 'cursor_pos_roc_max', 'cursor_pos_roc_mean', 'cursor_pos_roc_skew', 'down_event_11', 'down_event_13', 'down_event_15', 'down_event_2', 'down_event_5', 'down_event_6', 'down_event_7', 'down_event_9', 'evid_acc_kurt', 'evid_acc_skew', 'evid_acc_std', 'inter_key_largest_lantency', 'inter_key_median_lantency', 'one_gram_tok_0', 'one_gram_tok_1', 'one_gram_tok_2', 'one_gram_tok_3', 'one_gram_tok_4', 'one_gram_tok_5', 'one_gram_tok_6', 'one_gram_tok_7', 'one_gram_tok_8', 'one_gram_tok_9', 'p_burst_max', 'p_burst_mean', 'p_burst_median', 'paragraph_len_first', 'paragraph_len_last', 'paragraph_len_max', 'paragraph_len_mean', 'paragraph_len_median', 'paragraph_len_min', 'paragraph_len_q1', 'paragraph_len_q3', 'paragraph_word_count_first', 'paragraph_word_count_last', 'paragraph_word_count_max', 'paragraph_word_count_median', 'paragraph_word_count_min', 'paragraph_word_count_q1', 'paragraph_word_count_q3', 'pauses_1_half_sec', 'pauses_1_sec', 'pauses_3_sec', 'pauses_half_sec', 'r_burst_count', 'r_burst_mean', 'r_burst_std', 'r_burst_sum', 'roc_count', 'roc_kurt', 'roc_std', 'sent_len_first', 'sent_len_last', 'sent_len_max', 'sent_len_median', 'sent_len_min', 'sent_len_q1', 'sent_len_q3', 'sent_word_count_first', 'sent_word_count_max', 'sent_word_count_mean', 'sent_word_count_q3', 'std_pause_time', 'text_change_nunique', 'total_pause_time', 'word_count_acc_kurt', 'word_count_acc_pst', 'word_count_acc_skew']",83,0.6059523026130716
both,0.65,"['activity_2_cnt', 'bigram_tok_2', 'bigram_tok_4', 'bigram_tok_5', 'bigram_tok_8', 'cursor_pos_acc_kurt', 'cursor_pos_acc_max', 'cursor_pos_acc_mean', 'cursor_pos_acc_skew', 'cursor_pos_acc_std', 'cursor_pos_acc_sum', 'cursor_pos_neg_change_count', 'cursor_pos_roc_count_zr', 'cursor_pos_roc_kurt', 'cursor_pos_roc_max', 'cursor_pos_roc_mean', 'cursor_pos_roc_skew', 'cursor_pos_roc_std', 'down_event_1', 'down_event_11', 'down_event_13', 'down_event_15', 'down_event_2', 'down_event_5', 'down_event_6', 'down_event_7', 'down_event_9', 'evid_acc_kurt', 'evid_acc_skew', 'evid_acc_std', 'inter_key_largest_lantency', 'inter_key_median_lantency', 'one_gram_tok_0', 'one_gram_tok_1', 'one_gram_tok_10', 'one_gram_tok_2', 'one_gram_tok_3', 'one_gram_tok_4', 'one_gram_tok_5', 'one_gram_tok_6', 'one_gram_tok_7', 'one_gram_tok_8', 'one_gram_tok_9', 'p_burst_count', 'p_burst_max', 'p_burst_mean', 'p_burst_median', 'p_burst_std', 'paragraph_len_first', 'paragraph_len_last', 'paragraph_len_max', 'paragraph_len_mean', 'paragraph_len_median', 'paragraph_len_min', 'paragraph_len_q1', 'paragraph_len_q3', 'paragraph_word_count_first', 'paragraph_word_count_last', 'paragraph_word_count_max', 'paragraph_word_count_median', 'paragraph_word_count_min', 'paragraph_word_count_q1', 'paragraph_word_count_q3', 'pauses_1_half_sec', 'pauses_1_sec', 'pauses_3_sec', 'pauses_half_sec', 'pos_change_count', 'r_burst_count', 'r_burst_max', 'r_burst_mean', 'r_burst_std', 'r_burst_sum', 'roc_count', 'roc_kurt', 'roc_skew', 'roc_std', 'roc_zro_count', 'sent_count', 'sent_len_first', 'sent_len_last', 'sent_len_max', 'sent_len_mean', 'sent_len_median', 'sent_len_min', 'sent_len_q1', 'sent_len_q3', 'sent_word_count_first', 'sent_word_count_max', 'sent_word_count_mean', 'sent_word_count_q3', 'std_pause_time', 'text_change_nunique', 'total_pause_time', 'word_count_acc_kurt', 'word_count_acc_pst', 'word_count_acc_skew']",97,0.6086724232776585
both,0.7,"['activity_2_cnt', 'bigram_tok_2', 'bigram_tok_4', 'bigram_tok_5', 'bigram_tok_8', 'cursor_pos_acc_kurt', 'cursor_pos_acc_max', 'cursor_pos_acc_mean', 'cursor_pos_acc_neg', 'cursor_pos_acc_skew', 'cursor_pos_acc_std', 'cursor_pos_acc_sum', 'cursor_pos_neg_change_count', 'cursor_pos_roc_count_zr', 'cursor_pos_roc_kurt', 'cursor_pos_roc_max', 'cursor_pos_roc_mean', 'cursor_pos_roc_q3', 'cursor_pos_roc_skew', 'cursor_pos_roc_std', 'down_event_1', 'down_event_11', 'down_event_13', 'down_event_15', 'down_event_17', 'down_event_2', 'down_event_3', 'down_event_5', 'down_event_6', 'down_event_7', 'down_event_9', 'down_event_nunique', 'evid_acc_kurt', 'evid_acc_skew', 'evid_acc_std', 'inter_key_largest_lantency', 'inter_key_median_lantency', 'mean_pause_time', 'neg_change_count', 'one_gram_tok_0', 'one_gram_tok_1', 'one_gram_tok_10', 'one_gram_tok_11', 'one_gram_tok_2', 'one_gram_tok_3', 'one_gram_tok_4', 'one_gram_tok_5', 'one_gram_tok_6', 'one_gram_tok_7', 'one_gram_tok_8', 'one_gram_tok_9', 'p_burst_count', 'p_burst_max', 'p_burst_mean', 'p_burst_median', 'p_burst_min', 'p_burst_std', 'paragraph_len_first', 'paragraph_len_last', 'paragraph_len_max', 'paragraph_len_mean', 'paragraph_len_median', 'paragraph_len_min', 'paragraph_len_q1', 'paragraph_len_q3', 'paragraph_word_count_first', 'paragraph_word_count_last', 'paragraph_word_count_max', 'paragraph_word_count_median', 'paragraph_word_count_min', 'paragraph_word_count_q1', 'paragraph_word_count_q3', 'paragraph_word_count_sum', 'pauses_1_half_sec', 'pauses_1_sec', 'pauses_3_sec', 'pauses_half_sec', 'pos_change_count', 'r_burst_count', 'r_burst_max', 'r_burst_mean', 'r_burst_std', 'r_burst_sum', 'roc_count', 'roc_kurt', 'roc_skew', 'roc_std', 'roc_zro_count', 'sent_count', 'sent_len_first', 'sent_len_last', 'sent_len_max', 'sent_len_mean', 'sent_len_median', 'sent_len_min', 'sent_len_q1', 'sent_len_q3', 'sent_word_count_first', 'sent_word_count_last', 'sent_word_count_max', 'sent_word_count_mean', 'sent_word_count_median', 'sent_word_count_q3', 'std_pause_time', 'text_change_nunique', 'total_pause_time', 'word_count_acc_kurt', 'word_count_acc_pst', 'word_count_acc_skew', 'word_count_acc_std']",110,0.6047364862117811
both,0.75,"['activity_2_cnt', 'bigram_tok_0', 'bigram_tok_1', 'bigram_tok_2', 'bigram_tok_3', 'bigram_tok_4', 'bigram_tok_5', 'bigram_tok_7', 'bigram_tok_8', 'cursor_pos_acc_kurt', 'cursor_pos_acc_max', 'cursor_pos_acc_mean', 'cursor_pos_acc_neg', 'cursor_pos_acc_q1', 'cursor_pos_acc_skew', 'cursor_pos_acc_std', 'cursor_pos_acc_sum', 'cursor_pos_neg_change_count', 'cursor_pos_pst_change_count', 'cursor_pos_roc_count_zr', 'cursor_pos_roc_kurt', 'cursor_pos_roc_max', 'cursor_pos_roc_mean', 'cursor_pos_roc_q3', 'cursor_pos_roc_skew', 'cursor_pos_roc_std', 'down_event_1', 'down_event_11', 'down_event_12', 'down_event_13', 'down_event_14', 'down_event_15', 'down_event_17', 'down_event_2', 'down_event_3', 'down_event_4', 'down_event_5', 'down_event_6', 'down_event_7', 'down_event_9', 'down_event_nunique', 'evid_acc_kurt', 'evid_acc_max', 'evid_acc_neg', 'evid_acc_pst', 'evid_acc_skew', 'evid_acc_std', 'inter_key_largest_lantency', 'inter_key_median_lantency', 'mean_pause_time', 'neg_change_count', 'one_gram_tok_0', 'one_gram_tok_1', 'one_gram_tok_10', 'one_gram_tok_11', 'one_gram_tok_2', 'one_gram_tok_3', 'one_gram_tok_4', 'one_gram_tok_5', 'one_gram_tok_6', 'one_gram_tok_7', 'one_gram_tok_8', 'one_gram_tok_9', 'p_burst_count', 'p_burst_max', 'p_burst_mean', 'p_burst_median', 'p_burst_min', 'p_burst_std', 'paragraph_len_first', 'paragraph_len_last', 'paragraph_len_max', 'paragraph_len_mean', 'paragraph_len_median', 'paragraph_len_min', 'paragraph_len_q1', 'paragraph_len_q3', 'paragraph_word_count_first', 'paragraph_word_count_last', 'paragraph_word_count_max', 'paragraph_word_count_median', 'paragraph_word_count_min', 'paragraph_word_count_q1', 'paragraph_word_count_q3', 'paragraph_word_count_sum', 'pauses_1_half_sec', 'pauses_1_sec', 'pauses_3_sec', 'pauses_half_sec', 'pos_change_count', 'r_burst_count', 'r_burst_max', 'r_burst_mean', 'r_burst_std', 'r_burst_sum', 'roc_count', 'roc_kurt', 'roc_skew', 'roc_std', 'roc_zro_count', 'sent_count', 'sent_len_first', 'sent_len_last', 'sent_len_max', 'sent_len_mean', 'sent_len_median', 'sent_len_min', 'sent_len_q1', 'sent_len_q3', 'sent_len_sum', 'sent_word_count_first', 'sent_word_count_last', 'sent_word_count_max', 'sent_word_count_mean', 'sent_word_count_median', 'sent_word_count_q3', 'std_pause_time', 'text_change_nunique', 'total_pause_time', 'word_count_acc_kurt', 'word_count_acc_neg', 'word_count_acc_pst', 'word_count_acc_skew', 'word_count_acc_std']",124,0.6005600652807039
both,0.8,"['activity_0_cnt', 'activity_2_cnt', 'bigram_tok_0', 'bigram_tok_1', 'bigram_tok_2', 'bigram_tok_3', 'bigram_tok_4', 'bigram_tok_5', 'bigram_tok_7', 'bigram_tok_8', 'bigram_tok_9', 'cursor_pos_acc_kurt', 'cursor_pos_acc_max', 'cursor_pos_acc_mean', 'cursor_pos_acc_neg', 'cursor_pos_acc_pst', 'cursor_pos_acc_q1', 'cursor_pos_acc_q3', 'cursor_pos_acc_skew', 'cursor_pos_acc_std', 'cursor_pos_acc_sum', 'cursor_pos_neg_change_count', 'cursor_pos_pst_change_count', 'cursor_pos_roc_count_zr', 'cursor_pos_roc_kurt', 'cursor_pos_roc_max', 'cursor_pos_roc_mean', 'cursor_pos_roc_median', 'cursor_pos_roc_q3', 'cursor_pos_roc_skew', 'cursor_pos_roc_std', 'down_event_1', 'down_event_11', 'down_event_12', 'down_event_13', 'down_event_14', 'down_event_15', 'down_event_17', 'down_event_2', 'down_event_3', 'down_event_4', 'down_event_5', 'down_event_6', 'down_event_7', 'down_event_9', 'down_event_nunique', 'evid_acc_kurt', 'evid_acc_max', 'evid_acc_neg', 'evid_acc_pst', 'evid_acc_skew', 'evid_acc_std', 'evid_acc_zero', 'inter_key_largest_lantency', 'inter_key_median_lantency', 'mean_pause_time', 'neg_change_count', 'one_gram_tok_0', 'one_gram_tok_1', 'one_gram_tok_10', 'one_gram_tok_11', 'one_gram_tok_2', 'one_gram_tok_3', 'one_gram_tok_4', 'one_gram_tok_5', 'one_gram_tok_6', 'one_gram_tok_7', 'one_gram_tok_8', 'one_gram_tok_9', 'p_burst_count', 'p_burst_max', 'p_burst_mean', 'p_burst_median', 'p_burst_min', 'p_burst_std', 'p_burst_sum', 'paragraph_count', 'paragraph_len_first', 'paragraph_len_last', 'paragraph_len_max', 'paragraph_len_mean', 'paragraph_len_median', 'paragraph_len_min', 'paragraph_len_q1', 'paragraph_len_q3', 'paragraph_word_count_first', 'paragraph_word_count_last', 'paragraph_word_count_max', 'paragraph_word_count_mean', 'paragraph_word_count_median', 'paragraph_word_count_min', 'paragraph_word_count_q1', 'paragraph_word_count_q3', 'paragraph_word_count_sum', 'pauses_1_half_sec', 'pauses_1_sec', 'pauses_2_sec', 'pauses_3_sec', 'pauses_half_sec', 'pos_change_count', 'r_burst_count', 'r_burst_max', 'r_burst_mean', 'r_burst_median', 'r_burst_std', 'r_burst_sum', 'roc_count', 'roc_kurt', 'roc_skew', 'roc_std', 'roc_sum', 'roc_zro_count', 'sent_count', 'sent_len_first', 'sent_len_last', 'sent_len_max', 'sent_len_mean', 'sent_len_median', 'sent_len_min', 'sent_len_q1', 'sent_len_q3', 'sent_len_sum', 'sent_word_count_first', 'sent_word_count_last', 'sent_word_count_max', 'sent_word_count_mean', 'sent_word_count_median', 'sent_word_count_q1', 'sent_word_count_q3', 'std_pause_time', 'text_change_nunique', 'total_pause_time', 'word_count_acc_kurt', 'word_count_acc_max', 'word_count_acc_neg', 'word_count_acc_pst', 'word_count_acc_skew', 'word_count_acc_std', 'word_count_acc_zero']",139,0.6037907556441916
both,0.85,"['activity_0_cnt', 'activity_2_cnt', 'bigram_tok_0', 'bigram_tok_1', 'bigram_tok_2', 'bigram_tok_3', 'bigram_tok_4', 'bigram_tok_5', 'bigram_tok_6', 'bigram_tok_7', 'bigram_tok_8', 'bigram_tok_9', 'cursor_pos_acc_kurt', 'cursor_pos_acc_max', 'cursor_pos_acc_mean', 'cursor_pos_acc_neg', 'cursor_pos_acc_pst', 'cursor_pos_acc_q1', 'cursor_pos_acc_q3', 'cursor_pos_acc_skew', 'cursor_pos_acc_std', 'cursor_pos_acc_sum', 'cursor_pos_acc_zero', 'cursor_pos_neg_change_count', 'cursor_pos_pst_change_count', 'cursor_pos_roc_count_zr', 'cursor_pos_roc_kurt', 'cursor_pos_roc_max', 'cursor_pos_roc_mean', 'cursor_pos_roc_median', 'cursor_pos_roc_q3', 'cursor_pos_roc_skew', 'cursor_pos_roc_std', 'down_event_1', 'down_event_10', 'down_event_11', 'down_event_12', 'down_event_13', 'down_event_14', 'down_event_15', 'down_event_17', 'down_event_18', 'down_event_19', 'down_event_2', 'down_event_3', 'down_event_4', 'down_event_5', 'down_event_6', 'down_event_7', 'down_event_9', 'down_event_nunique', 'evid_acc_kurt', 'evid_acc_max', 'evid_acc_neg', 'evid_acc_pst', 'evid_acc_skew', 'evid_acc_std', 'evid_acc_zero', 'inter_key_largest_lantency', 'inter_key_median_lantency', 'mean_pause_time', 'neg_change_count', 'one_gram_tok_0', 'one_gram_tok_1', 'one_gram_tok_10', 'one_gram_tok_11', 'one_gram_tok_2', 'one_gram_tok_3', 'one_gram_tok_4', 'one_gram_tok_5', 'one_gram_tok_6', 'one_gram_tok_7', 'one_gram_tok_8', 'one_gram_tok_9', 'p_burst_count', 'p_burst_max', 'p_burst_mean', 'p_burst_median', 'p_burst_min', 'p_burst_std', 'p_burst_sum', 'paragraph_count', 'paragraph_len_first', 'paragraph_len_last', 'paragraph_len_max', 'paragraph_len_mean', 'paragraph_len_median', 'paragraph_len_min', 'paragraph_len_q1', 'paragraph_len_q3', 'paragraph_word_count_first', 'paragraph_word_count_last', 'paragraph_word_count_max', 'paragraph_word_count_mean', 'paragraph_word_count_median', 'paragraph_word_count_min', 'paragraph_word_count_q1', 'paragraph_word_count_q3', 'paragraph_word_count_sum', 'pauses_1_half_sec', 'pauses_1_sec', 'pauses_2_sec', 'pauses_3_sec', 'pauses_half_sec', 'pos_change_count', 'r_burst_count', 'r_burst_max', 'r_burst_mean', 'r_burst_median', 'r_burst_std', 'r_burst_sum', 'roc_count', 'roc_kurt', 'roc_max', 'roc_mean', 'roc_skew', 'roc_std', 'roc_sum', 'roc_zro_count', 'sent_count', 'sent_len_first', 'sent_len_last', 'sent_len_max', 'sent_len_mean', 'sent_len_median', 'sent_len_min', 'sent_len_q1', 'sent_len_q3', 'sent_len_sum', 'sent_word_count_first', 'sent_word_count_last', 'sent_word_count_max', 'sent_word_count_mean', 'sent_word_count_median', 'sent_word_count_min', 'sent_word_count_q1', 'sent_word_count_q3', 'sent_word_count_sum', 'std_pause_time', 'text_change_nunique', 'total_pause_time', 'word_count_acc_kurt', 'word_count_acc_max', 'word_count_acc_neg', 'word_count_acc_pst', 'word_count_acc_skew', 'word_count_acc_std', 'word_count_acc_zero']",148,0.603763657137248
both,0.9,"['activity_0_cnt', 'activity_2_cnt', 'activity_3_cnt', 'activity_4_cnt', 'bigram_tok_0', 'bigram_tok_1', 'bigram_tok_10', 'bigram_tok_11', 'bigram_tok_2', 'bigram_tok_3', 'bigram_tok_4', 'bigram_tok_5', 'bigram_tok_6', 'bigram_tok_7', 'bigram_tok_8', 'bigram_tok_9', 'cursor_pos_acc_kurt', 'cursor_pos_acc_max', 'cursor_pos_acc_mean', 'cursor_pos_acc_neg', 'cursor_pos_acc_pst', 'cursor_pos_acc_q1', 'cursor_pos_acc_q3', 'cursor_pos_acc_skew', 'cursor_pos_acc_std', 'cursor_pos_acc_sum', 'cursor_pos_acc_zero', 'cursor_pos_neg_change_count', 'cursor_pos_pst_change_count', 'cursor_pos_roc_count_zr', 'cursor_pos_roc_kurt', 'cursor_pos_roc_max', 'cursor_pos_roc_mean', 'cursor_pos_roc_median', 'cursor_pos_roc_q1', 'cursor_pos_roc_q3', 'cursor_pos_roc_skew', 'cursor_pos_roc_std', 'down_event_1', 'down_event_10', 'down_event_11', 'down_event_12', 'down_event_13', 'down_event_14', 'down_event_15', 'down_event_16', 'down_event_17', 'down_event_18', 'down_event_19', 'down_event_2', 'down_event_3', 'down_event_4', 'down_event_5', 'down_event_6', 'down_event_7', 'down_event_8', 'down_event_9', 'down_event_nunique', 'evid_acc_kurt', 'evid_acc_max', 'evid_acc_neg', 'evid_acc_pst', 'evid_acc_q3', 'evid_acc_skew', 'evid_acc_std', 'evid_acc_zero', 'inter_key_largest_lantency', 'inter_key_median_lantency', 'mean_pause_time', 'neg_change_count', 'one_gram_tok_0', 'one_gram_tok_1', 'one_gram_tok_10', 'one_gram_tok_11', 'one_gram_tok_12', 'one_gram_tok_13', 'one_gram_tok_2', 'one_gram_tok_3', 'one_gram_tok_4', 'one_gram_tok_5', 'one_gram_tok_6', 'one_gram_tok_7', 'one_gram_tok_8', 'one_gram_tok_9', 'p_burst_count', 'p_burst_max', 'p_burst_mean', 'p_burst_median', 'p_burst_min', 'p_burst_std', 'p_burst_sum', 'paragraph_count', 'paragraph_len_first', 'paragraph_len_last', 'paragraph_len_max', 'paragraph_len_mean', 'paragraph_len_median', 'paragraph_len_min', 'paragraph_len_q1', 'paragraph_len_q3', 'paragraph_len_sum', 'paragraph_word_count_first', 'paragraph_word_count_last', 'paragraph_word_count_max', 'paragraph_word_count_mean', 'paragraph_word_count_median', 'paragraph_word_count_min', 'paragraph_word_count_q1', 'paragraph_word_count_q3', 'paragraph_word_count_sum', 'pauses_1_half_sec', 'pauses_1_sec', 'pauses_2_sec', 'pauses_3_sec', 'pauses_half_sec', 'pos_change_count', 'r_burst_count', 'r_burst_max', 'r_burst_mean', 'r_burst_median', 'r_burst_std', 'r_burst_sum', 'roc_count', 'roc_kurt', 'roc_max', 'roc_mean', 'roc_q3', 'roc_skew', 'roc_std', 'roc_sum', 'roc_zro_count', 'sent_count', 'sent_len_first', 'sent_len_last', 'sent_len_max', 'sent_len_mean', 'sent_len_median', 'sent_len_min', 'sent_len_q1', 'sent_len_q3', 'sent_len_sum', 'sent_word_count_first', 'sent_word_count_last', 'sent_word_count_max', 'sent_word_count_mean', 'sent_word_count_median', 'sent_word_count_min', 'sent_word_count_q1', 'sent_word_count_q3', 'sent_word_count_sum', 'std_pause_time', 'text_change_nunique', 'total_pause_time', 'word_count_acc_kurt', 'word_count_acc_max', 'word_count_acc_neg', 'word_count_acc_pst', 'word_count_acc_skew', 'word_count_acc_std', 'word_count_acc_zero']",160,0.6029331847638504
both,1.0,"['activity_0_cnt', 'activity_1_cnt', 'activity_2_cnt', 'activity_3_cnt', 'activity_4_cnt', 'activity_nunique', 'bigram_tok_0', 'bigram_tok_1', 'bigram_tok_10', 'bigram_tok_11', 'bigram_tok_12', 'bigram_tok_13', 'bigram_tok_14', 'bigram_tok_15', 'bigram_tok_2', 'bigram_tok_3', 'bigram_tok_4', 'bigram_tok_5', 'bigram_tok_6', 'bigram_tok_7', 'bigram_tok_8', 'bigram_tok_9', 'cursor_pos_acc_kurt', 'cursor_pos_acc_max', 'cursor_pos_acc_mean', 'cursor_pos_acc_median', 'cursor_pos_acc_neg', 'cursor_pos_acc_pst', 'cursor_pos_acc_q1', 'cursor_pos_acc_q3', 'cursor_pos_acc_skew', 'cursor_pos_acc_std', 'cursor_pos_acc_sum', 'cursor_pos_acc_zero', 'cursor_pos_neg_change_count', 'cursor_pos_pst_change_count', 'cursor_pos_roc_count', 'cursor_pos_roc_count_zr', 'cursor_pos_roc_kurt', 'cursor_pos_roc_max', 'cursor_pos_roc_mean', 'cursor_pos_roc_median', 'cursor_pos_roc_q1', 'cursor_pos_roc_q3', 'cursor_pos_roc_skew', 'cursor_pos_roc_std', 'down_event_1', 'down_event_10', 'down_event_11', 'down_event_12', 'down_event_13', 'down_event_14', 'down_event_15', 'down_event_16', 'down_event_17', 'down_event_18', 'down_event_19', 'down_event_2', 'down_event_20', 'down_event_3', 'down_event_4', 'down_event_5', 'down_event_6', 'down_event_7', 'down_event_8', 'down_event_9', 'down_event_nunique', 'evid_acc_kurt', 'evid_acc_max', 'evid_acc_mean', 'evid_acc_median', 'evid_acc_neg', 'evid_acc_pst', 'evid_acc_q1', 'evid_acc_q3', 'evid_acc_skew', 'evid_acc_std', 'evid_acc_sum', 'evid_acc_zero', 'inter_key_largest_lantency', 'inter_key_median_lantency', 'mean_pause_time', 'neg_change_count', 'one_gram_tok_0', 'one_gram_tok_1', 'one_gram_tok_10', 'one_gram_tok_11', 'one_gram_tok_12', 'one_gram_tok_13', 'one_gram_tok_14', 'one_gram_tok_15', 'one_gram_tok_2', 'one_gram_tok_3', 'one_gram_tok_4', 'one_gram_tok_5', 'one_gram_tok_6', 'one_gram_tok_7', 'one_gram_tok_8', 'one_gram_tok_9', 'p_burst_count', 'p_burst_max', 'p_burst_mean', 'p_burst_median', 'p_burst_min', 'p_burst_std', 'p_burst_sum', 'paragraph_count', 'paragraph_len_first', 'paragraph_len_last', 'paragraph_len_max', 'paragraph_len_mean', 'paragraph_len_median', 'paragraph_len_min', 'paragraph_len_q1', 'paragraph_len_q3', 'paragraph_len_sum', 'paragraph_word_count_first', 'paragraph_word_count_last', 'paragraph_word_count_max', 'paragraph_word_count_mean', 'paragraph_word_count_median', 'paragraph_word_count_min', 'paragraph_word_count_q1', 'paragraph_word_count_q3', 'paragraph_word_count_sum', 'pauses_1_half_sec', 'pauses_1_sec', 'pauses_2_sec', 'pauses_3_sec', 'pauses_half_sec', 'pos_change_count', 'r_burst_count', 'r_burst_max', 'r_burst_mean', 'r_burst_median', 'r_burst_min', 'r_burst_std', 'r_burst_sum', 'roc_count', 'roc_kurt', 'roc_max', 'roc_mean', 'roc_median', 'roc_q1', 'roc_q3', 'roc_skew', 'roc_std', 'roc_sum', 'roc_zro_count', 'sent_count', 'sent_len_first', 'sent_len_last', 'sent_len_max', 'sent_len_mean', 'sent_len_median', 'sent_len_min', 'sent_len_q1', 'sent_len_q3', 'sent_len_sum', 'sent_word_count_first', 'sent_word_count_last', 'sent_word_count_max', 'sent_word_count_mean', 'sent_word_count_median', 'sent_word_count_min', 'sent_word_count_q1', 'sent_word_count_q3', 'sent_word_count_sum', 'std_pause_time', 'text_change_nunique', 'total_pause_time', 'word_count_acc_kurt', 'word_count_acc_max', 'word_count_acc_mean', 'word_count_acc_median', 'word_count_acc_neg', 'word_count_acc_pst', 'word_count_acc_q1', 'word_count_acc_q3', 'word_count_acc_skew', 'word_count_acc_std', 'word_count_acc_sum', 'word_count_acc_zero']",183,0.6044002794841371
